<?xml version="1.0" encoding="UTF-8"?>
<!DOCTYPE suite SYSTEM "https://testng.org/testng-1.0.dtd">
<suite name="Toscana Application Testing Suite">
<!-- 
 <listeners>
<listener class-name="TNApplication.Listeners"/>
</listeners>  -->

	<test
		name="Test_Toscana_Application_test001">
		
		<classes> 

	   <class name="TNApplication.ToscanaLogin" />   
 <!--   <class name="TNApplication.VisibilityCheck" />     -->
 <class name="TNApplication.FormSubmission" />    
   <!--  <class name="TNApplication.MandatoryCheck4" />  -->
     <!-- <class name="TNApplication.LengthCheck" />  -->    
  <!--      <class name="TNApplication.JdbcConnection" />   
         <class name="TNApplication.SearchWI" />    -->       
          <!--   <class name="TNApplication.DataTypeCheck" />   -->
 <!--      <class name="TNApplication.DataLossCheck5"/>    -->
   <!-- <class name="TNApplication.RouteNextLevel4"/> -->


  <!-- <class name="TNApplication.WindowClose"/>   -->

			<!-- <class name="TNApplication.ResetAndMandatoryCheck"/> <class name="TNApplication.NegativeToscanaTC"/> 
				<class name="TNApplication.Dashboard"/> <class name="TNApplication.WindowClose"/> -->
			</classes>
			</test>	

		

</suite> 
